ID,Area,Page or flow,Role,Scenario (given / when),Expected result (then),Rule (V# or spec §),Admin setting or manual edit,Test today,Status,Fix needed
OLD-001,Access,any page (open session),Switched-off / left person,"Layla is signed in on a second device when an admin switches her off, or Khalid is demoted while a page is open",Old app re-checked access every 90 s and whenever the tab regained focus: a switched-off person was signed out with a message; a changed role or level was applied at once (drawer and controls redrawn) without waiting for a reload,"Old js/50 (setInterval 90000 + visibilitychange); ACC-007, ACC-055",hard rule (not editable),none,Wrong,"ACC-055 accepts 'drawer changes on reload'. Re-read api.me() on tab focus (and on a timer) and redraw drawer and controls; E2E: demote, refocus the tab, controls gone"
OLD-002,Access,a page by address,No access,Omar (level none on Finance) types /finance,"No-access state in words AND the attempt is logged (who, page, when) for admins; live QA sweeps must not create these rows",Old js/64 log_page_denied; OA35 (V428),hard rule (not editable),none,Missed,Log refused page opens (a sign-in-log-like row); exclude the named QA person's refusals from counts; ACC-049 test adds the log row
OLD-003,Access,every page while levels load,Any,Omar's page levels are slow to arrive (or never arrive),"Nothing drawn with write controls until levels are known (fail closed); after 20 s the floor pages open read-only and a refusal is said in words, never a blank or a spinner forever",Old js/52 mayEditPage (owner ruling 25 Sep); A5,hard rule (not editable),none,Missed,E2E with api.me() delayed / failing: no write control appears; a worded state after the timeout
OLD-004,People admin,/people/<id> → Switch off,Admin,"Faisal switches off Nora, who still owns 12 open tasks and 2 open projects","Refused: 'Reassign this person's open tasks (projects) before switching them off' — or the same request reassigns them to a named person, with the count and one Undo","Old people-and-teams.sql members_guard; answers ACC-101, ACC-102, WRK-053",Settings → Organization & access → People (the person's record),none,Wrong,ACC-099 switches off freely. Refuse while open work exists unless a reassign-to person is given in the same request
OLD-005,People admin,/people/<id> → Switch off,Admin,"Faisal switches off Huda, who is the department head","Refused: 'This person heads Commercial — choose a new head first, then switch them off'",Old team-list-editing.sql,Settings → Organization & access → Departments (head),none,Missed,Add the head check to person switch-off; SQL test
OLD-006,People admin,/people/<id> → Edit,Admin,"Faisal sets Omar's reports-to to Omar himself, or to a switched-off person; or a home team that is retired",All refused in words: nobody reports to themselves; reports-to must be an active person; a home team must be active; a person can assist only an active team that is not their home team,Old people-and-teams.sql guards; V132,Settings → Organization & access → People (the person's record),none,Missed,Add these checks to api.person_update and a PPL test each
OLD-007,People admin,Add person,Admin,Faisal adds Sara with an English first name only,Refused: a first name is needed in English and in Arabic (like teams and lists),Old people-and-teams.sql; V76,Settings → Organization & access → People,none,Missed,Extend the Arabic-name rule (ACC-136) to person names
OLD-008,People admin,Add person,Admin,Faisal types Sara's name differently from Direct's HR system,"The person's name is the one in Direct's HR system (cards and accounts must match, call 0816-1429); the nickname carries anything else",Call finding I5; V9 (nickname),manual: type the HR name,none,Missed,Add to the pilot checklist (P6-8): names typed as in the HR system; no code change
OLD-009,Access,any save,Any,"A save is refused by the server after the screen allowed it (level changed, conflict, rule)",The refusal is said in words AND the screen reloads the stored values; it never keeps showing the unsaved change as if saved,Old js/49 (v73 guard); A6,hard rule (not editable),none,Missed,"E2E: force a refusal, assert the field shows the stored value afterwards"
OLD-010,Forms,any edit form,Any,"Omar opens a record whose stored value is no longer (or never was) in the list, and presses Save without touching anything",The stored value shows as it is (marked retired / on file); Save sends nothing; nothing changes,"OA15 (V428); old incidents: roles shown as Admin, funnel answers deleted, sources rewritten, 19 companies filed as ministries",hard rule (not editable),none,Missed,"Kit rule + E2E 'open, Save untouched → no request'"
OLD-011,Forms,any dialog,Any,Omar's wifi drops while he saves a task,The dialog stays open with what he typed and says 'not saved — retry'; no reload throws it away; nothing says saved until the server confirms,OA17 (V428),hard rule (not editable),none,Missed,E2E with the network cut (Playwright offline) on one form per module
OLD-012,Forms,every page,Any,Omar only opens and reads pages,"No write request except his own bookkeeping (last seen, device touch); an E2E walk counts writes per page",OA16 (V428),hard rule (not editable),none,Missed,Add the write-counting walk (P3-7) and list the allowed bookkeeping writes
OLD-013,Tasks,New task,Member,Omar creates a task on Najd Mining's project without naming an owner,Owner = the one given → else the project's owner → else the organisation's account manager → else the creator,Old tasks_guard (phase3-r1-task-manager.sql),hard rule (not editable),none,Wrong,WRK-030 always makes the creator the owner. Adopt the chain in P5-1
OLD-014,Tasks,Assign / reassign,Manager,Sara reassigns Omar's task to Layla,"The task keeps its team (the team the work is for); the team picker lists the owner's home team first, then assisted teams",Old tasks_guard; old teamOptionsHtml,hard rule (not editable),none,Missed,Task team independent of owner; test in TSK-*
OLD-015,Tasks,New / edit task,Manager,"Sara names Nora (switched off) as a task or project owner, a helper, or a credited person",Refused: 'Owner is not an active team member' (same for projects and credited people),"Old tasks_guard, projects guard, work_finance_links guard; answers WRK-092",hard rule (not editable),none,Missed,"Server-side active check on every person picker (owner, helper, mention, credited, approver)"
OLD-016,Tasks,New task,Member,Omar creates a client task with no organisation and no project,"Refused: client work needs an organisation or a project, else choose Internal",Old tasks_guard,hard rule (not editable),none,Missed,Add a work type (client / internal) or the rule to P5-1
OLD-017,Tasks,Edit task,Member,"Omar links a task to Najd Mining but puts it in a Dune Foods project, or picks a contact of another organisation",Both refused: a task's organisation equals its project's; a task contact belongs to the task's organisation,Old tasks_guard,hard rule (not editable),none,Missed,TSK-* tests in P5-1
OLD-018,Tasks / Projects,Delete,Manager,"Sara removes a task or a project that has linked invoices, or moves a project with tasks to another organisation, or links an invoice to an internal project","All refused in words (unlink first; keep the organisation; internal projects carry no invoices); an invoice links to one project only, of the same organisation, not excluded",Old projects/work_finance_links guards,hard rule (not editable),none,Missed,PRJ-* tests in P5-1/P5-3
OLD-019,Tasks → Achievements,Close a task,Member,"Layla, a helper on Omar's task, closes it with 'count it as an achievement'","The achievement is credited to Omar (the owner), not Layla; closed by someone who does not manage the task it waits as a draft for Omar or his manager; reopening the task withdraws it; reopening is refused once the achievement has evidence files",Old tasks-to-achievements.sql (D12),hard rule (not editable),none,Missed,WRK-050 only 'offers Log the achievement'. Add owner credit + reopen rule in P5-1/P5-4
OLD-020,Achievements,Log achievement for someone else,Member,Omar logs an achievement credited to Layla,Refused: only a manager or the department head credits an achievement to someone else (participants may be added),Old phase3-r1 guard,hard rule (not editable),none,Missed,ACH-* test in P5-4
OLD-021,Tasks,Tasks list 'Mine',Manager,Sara created a task and assigned it to Omar,"Old 'Mine' = owner OR creator, so the assigner kept sight of what she handed out; v2 My work = own + items + helping",Old js/108,Settings → Work (saved view),none,Missed,Add an 'Assigned by me' chip or saved view on Tasks (P5-2)
OLD-022,Tasks,Manager notes,Manager,Sara adds a note on Omar's task meant for managers only,"Old app had manager-only notes (managers, admins, department head). v2 has none",Old phase3-r1 guard 'Manager notes are for managers and the department head',—,none,Decide,"Owner to confirm: drop, or add a manager-only note kind (never in the appraisal-private sense)"
OLD-023,Tasks,New task (no team-list entry),Admin account,The owner's admin account (not a team member) opens Tasks,No New task button; a sentence says it is not on the team list (old: 'who to ask'); it may still read,Old js/108; V444,hard rule (not editable),none,Missed,Rule the admin account's create rights; E2E
OLD-024,Clients & Suppliers,Files,Member,Omar opens an organisation holding an IBAN letter,"IBAN letters (like agreements) are restricted to managers and admins; others see only 'on file (1)', never the file",Old phase3-r4 (D10) table + storage policies,Settings → Clients and Suppliers & partners → file kinds,none,Missed,WRK-111 covers agreements only; mark the IBAN letter kind restricted and show a count-only presence
OLD-025,Clients & Suppliers,Record rail,Member,"Najd Mining has no CR, VAT certificate or agreement on file; one file is past its valid-to",Rail shows 'missing: CR · VAT · agreement' and 'expired (1)',Old js/113 company card,Settings → Clients and Suppliers & partners → file kinds (required),none,Missed,Add to P3-9 rail
OLD-026,Clients & Suppliers,Possible duplicates,Head of department,Dune Foods and Dune Foods Trading share a website domain and a contact phone,"Listed as possible duplicates with the reason (domain, shared email/phone, legal-form name); dismissible 'not a duplicate'; never merged automatically; free-mail and placeholder domains and domains on >2 records ignored",Old js/62 dupCandidates (M18),Settings → Clients and Suppliers & partners → name stop words,none,Missed,Exact identifiers are refused (WRK-135) but near-duplicates are not found; add a list in P3-9/P4-2
OLD-027,Clients & Suppliers,Merge,Head of department,Khalid merges two organisations while exclusion rules are not loaded,"Refused until rules are known; the confirm names both records and the invoices and total that move; the default kept record is the one with a client ID / CR, else more invoices",Old js/62 merge dialog,hard rule (not editable),none,Missed,MRG-* test and confirm wording
OLD-028,Clients & Suppliers,Merge → Undo,Head of department,"Khalid merges B into A, then A into C, then undoes B→A",Refused: 'Undo A→C first' (undoing out of order moves money wrongly); merging into an archived organisation refused,Old fn_merge_businesses + UI chain guard,hard rule (not editable),none,Missed,MRG test for chained undo and archived target (WRK-134 covers self-merge only)
OLD-029,Clients & Suppliers,Merge,Head of department,Both organisations have an open postpaid client ID,The merge closes the dropped one's ID with a note (only one open postpaid); undo reopens it,Old fn_merge_businesses; V422,hard rule (not editable),none,Missed,MRG test
OLD-030,Clients & Suppliers,Merge,Head of department,A moved contact has the same email or phone as one on the kept organisation,"Moved, flagged 'needs confirmation' naming the other; never silently doubled",Old fn_merge_businesses,hard rule (not editable),none,Missed,MRG test
OLD-031,Clients & Suppliers,Record link,Any,Omar opens an old link to an organisation that was merged or archived,"The page says where it went, with a link to the kept organisation; never a blank or not-found",Old js/103,hard rule (not editable),none,Missed,P3-9
OLD-032,Clients & Suppliers,Contacts,Any,"A contact's website is stored without https, a phone as 05… or 00966…",Links built by one helper: no scheme → https; 00 → +; leading 0 or bare 9 digits starting 1 or 5 → +966; WhatsApp and tel from the same,Old core-01 webHref/phoneE164 (M100),hard rule (not editable),none,Missed,format helper + unit test (P3-9)
OLD-033,Clients & Suppliers,Contacts,Member,Omar tries to record a signatory's national ID on a contact,No national-ID field exists anywhere; never stored,OA27 (V428); old chain-of-command stored one,hard rule (not editable),none,Missed,Add to the no-secrets check list (with passwords)
OLD-034,Pipeline,Move a Won/Signed card back,Member,Omar moves Dune Foods back from Onboarded,Asks first; history kept; the side's status is not silently reverted without saying so,Old LANDMINES A (won by mistake); answers WRK-069,hard rule (not editable),none,Missed,See OLD-WRK-069
OLD-035,Finance,any Finance page,Any,The exclusion rules cannot be read (error or not yet loaded),No money is shown; the page says why ('a total that ignored the rules would be wrong'); exports refused,Old js/16 live() fail-closed (M27); D16,hard rule (not editable),none,Missed,FIN E2E with the rules view failing
OLD-036,Finance,any Finance list,Viewer,The load returns an empty list (RLS answers 200 with nothing),Says 'no rows reached this browser' — never zeros presented as 'nothing earned',Old js/16 (M53),hard rule (not editable),none,Missed,DataState for empty-vs-refused on Finance tiles
OLD-037,Finance / Exports,export from any page,No access,Omar (Finance none) exports Clients or any list,Never carries money columns; any path to a Finance export asks 'may this session see Finance' (an old Records path leaked a Finance CSV),"Old js/60, js/38 (round 11)",hard rule (not editable),unit an-export-leaves-money-to-finance-writes-list-values-in-the-readers-language-and-needs-columns › OLD-037 (no money column without Finance; the button names it),Covered,
OLD-038,Finance,Undo on money,Member,"Omar undoes a change to an invoice he did not type, inside 24 h, as the organisation's owner",Old: undo of money records was admins and managers only (record-owner undo did not apply to money),Old undo_change (D7),hard rule (not editable),none,Decide,ACC-112 lets a record owner undo others' changes; rule whether that reaches invoices
OLD-039,Finance,Collections → Who to chase,Manager,Sara opens Who to chase,"Sorted postpaid first, then the 90+ bucket, then total; an 'All' row; never added to revenue",Old js/117 chaseHtml,hard rule (not editable),none,Missed,P4-5 sort order
OLD-040,Finance / Exports,Finance export,Manager,Sara exports invoices,Each row carries its payment type (prepaid / postpaid / code / tender),Old round 11 (Payments model),hard rule (not editable),none,Missed,Add the column (P4-5)
OLD-041,Finance,Overview tiles,Any,Tiles print short forms (1.2M) on a phone,"The exact figure is printed under a short form whenever the short form hides a whole riyal; printed parts reconcile to printed totals, a gap ≥ 1 SAR named as disagreeing figures",Old js/16 money0; OA5 (V428),hard rule (not editable),none,Missed,PRF-132 covers reports only; add to Finance tiles (P4-5)
OLD-042,Finance,Charts,Any,A year with invoices in 2 months only,"Every month drawn, empty ones empty; chart sums equal the tile",OA19 (V428),hard rule (not editable),none,Missed,Chart test (P4-5)
OLD-043,KPIs,KPI record → pace light,Any,Q3 ended on 30 Sep with K-07 at 80 % of target; a Q1 2027 target is viewed in 2026,Closed period below target reads 'Missed' (not Behind); a period not yet begun reads 'Not started',Old kpi_pace view (C08),Settings → Plan & performance → pace bands,none,Missed,PRF-015 lists no Missed / Not started; add to P5-4
OLD-044,KPIs,KPI record → Add reading,Manager,Layla types a reading on K-REV (computed from Finance),Refused: 'this KPI is calculated from Finance — nothing is typed against it',Old phase3-r1 report_no_typed_money,hard rule (not editable),none,Missed,KRD test
OLD-045,KPIs,Log achievement on a count KPI,Member,Omar logs an achievement on a count KPI and leaves the value empty,Counts as 1,Old phase3-r1 guard,hard rule (not editable),none,Missed,ACH test
OLD-046,KPIs,KPIs overview,Viewer,3 of 28 KPIs are measured,"Average progress over measured KPIs only, saying 'of the 3 measured'; objectives with nothing measured sink and say so; objective % capped at 100",Old core-10 rptOverview (M60),hard rule (not editable),none,Missed,"PRF-007 covers months, not the KPI/objective averages"
OLD-047,KPIs,Plan data,Admin,The 2026 plan is seeded,"Arabic KPI titles are the owner's words, never invented; with Arabic labels required, seeding waits for his wording (old: 5 draft KPIs needed wording)",Old core-10 rptKpiTitle; V76,Settings → Plan & performance → KPIs,none,Missed,Add to the go-live checklist: owner's Arabic KPI titles before the plan is typed
OLD-048,Reports,Report draft,Member,A named editor builds September,A 'Gaps and focus areas' section lists MEASURED KPIs under 50 % of target; unmeasured ones counted apart ('N have no figure and are not gaps'),Old core-10 rptHTML (fire #205),Settings → report templates (sections),none,Missed,Section kind in P6-1; threshold a setting
OLD-049,Reports,Generate report,Manager,Sara wants September for one person or one objective,The monthly report renders filtered to one person or one objective,Old core-10 Generate Report scope,hard rule (not editable),none,Missed,P6-2
OLD-050,Reports,Issued report,Any,Omar wants to paste the report into WhatsApp,Copy as text' gives the report as plain text,Old core-10 (Copy text),hard rule (not editable),none,Missed,P6-2 (cheap)
OLD-051,Reports / Documents,Issue (PDF footer),Member,The report footer needs the legal name and licence numbers; one licence has expired,"Footer facts come from one company-identity source; an expired or not-for-documents fact is dropped and the person issuing is told in a non-printing note; if the source fails to load, printing stops",Old js/87 registry doctrine (OA24),Settings → App (company identity) — not declared,none,Missed,Declare a minimal company-identity setting for P6 PDFs
OLD-052,Reports,Issue,Member,Omar double-clicks Issue,One number only; the second click returns 'Already issued as …',OA25 (V428); old re-entrancy guard,hard rule (not editable),none,Missed,RPT test
OLD-053,Exports,Any list → Export,Member,Omar's language is Arabic,"Column titles and list values (statuses, types) in Arabic; data cells verbatim",Old js/73,hard rule (not editable),unit an-export-leaves-money-to-finance-writes-list-values-in-the-readers-language-and-needs-columns › OLD-053 (titles and list values in the reader's language; data verbatim),Covered,Screens pass `words` on their status and type columns (P3-12 core ready); printed lists P6-7
OLD-054,Exports,My day,Any,Omar looks for Export on My day,No Export on pages with no table (old Today's Export silently downloaded the whole workspace),Old js/60,hard rule (not editable),unit an-export-leaves-money-to-finance-writes-list-values-in-the-readers-language-and-needs-columns › OLD-054 (no Export where nothing is exported),Covered,
OLD-055,Exports,Print a list,Any,Omar prints a wide list,All columns print or the print says what was left out,OA23 (V428); old js/83 cut half the columns,hard rule (not editable),none,Missed,P6-6 check
OLD-056,Search,Ctrl K results,Any,Omar searches 'al' and 60 records match,Results capped with 'showing 14 of 60'; each result says what it is (Client / Supplier & partner / Person / Task),"Old core-01 (M39, fire #180)",hard rule (not editable),none,Missed,Palette results (P3-9)
OLD-057,Lists,Sort by name,Any,The Arabic screen sorts organisations by name,"Sorted by the text shown, collated in the reading language (old sorted by the English name under Arabic text); filters act on data, not rendered text",Old fire #228 (M75),hard rule (not editable),none,Missed,DataTable spec (P3-3)
OLD-058,Arabic,any screen or notice,Any,"English text (a name, an email) inside Arabic sentences; counts in Arabic",Mixed text laid out with bidi plaintext; counted nouns use Arabic number forms (1 / 2 / 3–10 / 11+); every notice has both languages,"Old js/81, core-10 counted nouns, fire #125",hard rule (not editable),none,Missed,i18n catalog plural rules + a rendering check (P6-7)
OLD-059,Imports / Past work,Past work grid,Member,Omar pastes rows whose owner column says 'Yousef' while the person is 'Yusuf Al-Amin',"Real names beat nicknames and e-mail prefixes; exactly one match or none; ambiguous or unknown names held for a person, never guessed",Old resolve_owner + js/43 ownerCanon,hard rule (not editable),none,Missed,Grid person resolution rule (P5-2c)
OLD-060,Accounts,Test account,Test account,The test account is named like a real person,The test account carries no real person's names (old QA account carried the owner's names and made ownership ambiguous; renamed 'QA Account'),Old change-log-and-qa-account.sql,manual: name the test account 'QA Account',none,Missed,Add to P3-8c / P6-8
OLD-ACC-008,Sign-in,(answers ACC-008),Switched-off / left person,Left-on date passed but not switched off,"Leaving = switch off, and switch-off was refused while the person owned open tasks or projects or headed the department; loss of access reached every device within 90 s. So: left_on ≤ today refuses sign-in, and the switch-off happens in the same request as the reassignment",Old members_guard; team-list-editing.sql; js/50,—,—,Answered — old app,Rule: left_on on or before today refuses sign-in; switch-off requires a reassign-to for open work (OLD-004)
OLD-ACC-032,People admin,(answers ACC-032),Admin,May an admin generate their own temporary password?,Old app refused anyone changing their own access (set_page_levels) and sent own changes through the profile; same spirit here,Old set_page_levels ('anyone changing their own access'),—,—,Partly answered,Route refuses self; use My profile
OLD-ACC-037,Access,(answers ACC-037),Head of department,org.sign_out capability vs admin-only,"Old app had no separate sign-out right; switching someone off was admin/manager, access changes admin only (v2). Nothing decides the capability",Old ROLES_AND_ACCESS,—,—,No answer in old app or calls,Retire org.sign_out (keep admin-only)
OLD-ACC-041,Accounts,(answers ACC-041),Test account,How is the test account removed before go-live?,"Old app never deleted it: it was renamed 'QA Account', every actor-less log line was attributed to it, and the go-live reset wiped its test records while keeping logins",Old change-log-and-qa-account.sql; golive_reset,—,—,Partly answered,Removed = switched off + soft-removed; its records wiped by the reset or reassigned first
OLD-ACC-073,View as,(answers ACC-073),Admin using View as,Are last seen / read marks written while viewing as?,Old share view neutralised every save and wrote nothing; the only honest reading of 'read-only' is no bookkeeping writes either,"Old js/10, js/77 share view (M28/M29); OA16",—,—,Answered — old app,No bookkeeping writes while viewing as (also answers WRK-155)
OLD-ACC-074,View as,(answers ACC-074),Admin using View as,Which people may be viewed as?,Not covered by the old app,—,—,—,No answer in old app or calls,Keep the recommendation: switched-on staff and the test account only
OLD-ACC-087,Settings,(answers ACC-087),Admin,Banned word in a free-text setting,Old app had no banned-word rule,—,—,—,No answer in old app or calls,Keep the recommendation
OLD-ACC-101,People admin,(answers ACC-101),Admin,What happens when someone leaves?,Old: switch-off refused until open tasks and projects were reassigned; a head needed a successor first; access ended on every device within 90 s; in the calls the manager moves partners to colleagues when load is too high (0908-1828),Old members_guard; team-list-editing.sql; call 0908-1828 (I6),—,—,Answered — old app and calls,Leaving = switch off + reassignment in one request with the count and one Undo
OLD-ACC-102,People admin,(answers ACC-102),Admin,One reassignment door for a leaver's work?,Old guard covered tasks and projects only; organisations were moved by bulk assign on the list; the calls show the manager rebalancing partners by hand,Old members_guard; old core-10 bulk assign; call 0908-1828,—,—,Partly answered,"One door covering tasks, action items, side owners, KPI leads, templates, report editor; one Undo"
OLD-WRK-002,My day,(answers WRK-002),Any,/ commands list,Not in the old app,—,—,—,No answer in old app or calls,Rule it in or out of v1
OLD-WRK-003,My day,(answers WRK-003),Viewer,May a viewer keep private notes?,Old 'View means view': a page at View showed no write controls at all; the viewer's default was View on Today only,Old js/107; old default_page_levels,—,—,Answered — old app,Notes need Own on My day; viewers write none
OLD-WRK-005,My day,(answers WRK-005),Admin,Do admins see private notes?,Old app had no private notes; its change log was admin and manager only,—,—,—,No answer in old app or calls,Owner decision
OLD-WRK-006,My day,(answers WRK-006),Admin using View as,Does View as show private notes?,Not in the old app,—,—,—,No answer in old app or calls,Owner decision
OLD-WRK-008,My day,(answers WRK-008),Manager,"What is on My team, and what is a head's team?","Calls: the manager checks per person open tasks and projects by priority, with stale and overdue counts, before assigning (0909-1835, 0914-1329). Old: a head's reach was the whole department (can_assign_to = own, manager, or head of that person's department)",Call B8; old can_assign_to,—,—,Answered — old app and calls,"My team = team load (open, overdue, stale, by priority) + blocked + escalations; for a head, 'team' = the department"
OLD-WRK-009,My day,(answers WRK-009),Admin,What is on the Workspace tab?,Not in the old app,—,—,—,No answer in old app or calls,Owner decision
OLD-WRK-010,My day,(answers WRK-010),Admin account,Admin account's My day,"Old: a login not on the team list saw pages but no New buttons, with a sentence saying why",Old js/108,—,—,Partly answered,Start page = Overview for the admin account; My day shows only notices
OLD-WRK-011,My day,(answers WRK-011),Manager,May Full on My day edit another's note?,Not in the old app (its task comments were author-owned),—,—,—,No answer in old app or calls,Author-only (as core.note)
OLD-WRK-015,My day,(answers WRK-015),Member,Reminder precision,"Old reminders were day-level (next action date, due date: red if past, amber today); the calls ask a reminder the day before a due date and a check-in on the 15th — all day-level","Old js/14 Your day; calls B (due reminders), D7",—,—,Answered — old app and calls,Day precision in v1 (the 06:00 job)
OLD-WRK-017,My day,(answers WRK-017),Member,Chip of a task made from a private note,Not in the old app,—,—,—,No answer in old app or calls,Hide the chip from people who cannot see the note
OLD-WRK-019,My day,(answers WRK-019),Member,@mention in a private note,Not in the old app,—,—,—,No answer in old app or calls,Refuse (as on records)
OLD-WRK-022,My day,(answers WRK-022),Member,Carry over on Thursday,Old weeks started on Sunday; the calls count weekly updates Sunday–Thursday (V42),Old settings (week starts Sunday); call findings B/F,—,—,Partly answered,Carry to the next working day (Sunday)
OLD-WRK-024,My day,(answers WRK-024),Member,Where is an internal meeting logged?,Old: work was either client work (organisation or project) or Internal; internal projects existed and carried no invoices,"Old tasks_guard ('Client work needs a company or a project, else choose Internal')",—,—,Answered — old app,Log it on the task or internal project; no organisation activity
OLD-WRK-038,Tasks,(answers WRK-038),Admin,New status: which meaning?,"Old statuses each carried fixed flags (closed yes/no, done yes/no): backlog, todo, in_progress, waiting, done, cancelled",Old phase3-r1 task statuses,—,—,Answered — old app,Every new status picks one of the four locked meanings
OLD-WRK-040,Tasks,(answers WRK-040),System,Is Blocked exempt from stale?,No: the old weekly rhythm flagged In progress AND Waiting tasks with no update in 7 days,Old phase3-r1 weekly rhythm (N12),—,—,Answered — old app,Blocked is not exempt
OLD-WRK-041,Tasks,(answers WRK-041),Head of department,Executive directive priority,"Old priorities: urgent, high, normal, low (urgent first). Calls: a CEO directive is 'mandatory' and jumps the queue (0914-1329)",Old phase3-r1; call I12,—,—,Answered — old app and calls,Seed 'Executive directive' ranked first; sorts first; tells the owner as assigned
OLD-WRK-043,Tasks,(answers WRK-043),System,Is a Cancelled task overdue?,No: old overdue = due before today and status not closed (done and cancelled are closed),Old js/108 / phase3-r1,—,—,Answered — old app,Overdue = not Done and not Cancelled
OLD-WRK-044,Tasks,(answers WRK-044),System,What does reminder_days_before_due drive?,"Old had no due notice, only live red/amber on Your day; the calls ask for a reminder before the due date",Old js/14; call findings B (due reminders),—,—,Partly answered,A notice kind 'due tomorrow' from the 06:00 job plus the live count
OLD-WRK-046,Tasks,(answers WRK-046),Manager,Past-dated assignment notice,Old stamped assigned_by/at and sent no notices,—,—,—,No answer in old app or calls,Assignment always tells the owner (past-dated or not)
OLD-WRK-049,Tasks,(answers WRK-049),System,Owner of a generated task when the account manager left,Old default owner chain: project owner → organisation's account manager → creator,Old tasks_guard,—,—,Answered — old app,"Account manager if active, else the template's creator; tell the head"
OLD-WRK-053,Tasks,(answers WRK-053),Manager,Leaver with open tasks,Old refused switching off until open tasks and projects were reassigned,Old members_guard,—,—,Answered — old app,See ACC-101
OLD-WRK-064,Projects,(answers WRK-064),Manager,Milestones?,"Old work projects had none (status, owner, due, subtasks one level); the calls never asked",Old js/108,—,—,Answered — old app,Out of v1
OLD-WRK-066,Pipeline,(answers WRK-066),Manager,Client opportunities: same board?,"Old: one pipeline for all records, with funnels by type; calls: corporate clients go Contacted → Demo → Proposal → Signed → Onboarded (the partnership stages)",Old core-02 leads; calls TOP 10 #1 (D8),—,—,Answered — old app and calls,One board with side client | supplier_partner
OLD-WRK-069,Pipeline,(answers WRK-069),Member,Backward moves,Old: moving a won record back asked first and kept its history; Lost needed a reason,Old LANDMINES A; old captureLostReason,—,—,Answered — old app,Allowed with a confirm and a reason; history kept; signed_on stays in history
OLD-WRK-072,Pipeline,(answers WRK-072),Member,A 'Handed to Product' stage?,Calls: the integration is logged as an achievement with the Direct ticket at handover; no separate stage was asked (0914-1329),Call A7,—,—,Answered — calls,No new stage; the achievement carries it
OLD-WRK-086,Clients & Suppliers,(answers WRK-086),Member,Past effective status silences notices?,Not in the old app,—,—,—,No answer in old app or calls,Apply V400: a past-dated change tells nobody
OLD-WRK-088,Clients & Suppliers,(answers WRK-088),Admin,Editable statuses,Old kept fixed keys in the database with editable screen words (status → stage map),Old core-01 STATUS_TO_STAGE,—,—,Answered — old app,"A list with locked meanings, names editable"
OLD-WRK-089,Clients & Suppliers,(answers WRK-089),Any,Row chip when sides differ,Not in the old app,—,—,—,No answer in old app or calls,Rank both sides in one order
OLD-WRK-092,Clients & Suppliers,(answers WRK-092),Manager,Refuse switched-off owners server-side?,"Yes: old refused inactive owners, credited people, reports-to, heads and assist rows on the server","Old tasks_guard, projects guard, people-and-teams.sql",—,—,Answered — old app,Server-side active check on every person picker (OLD-015)
OLD-WRK-093,Clients & Suppliers,(answers WRK-093),System,Owner of 30 clients leaves,"Old guard covered tasks and projects, not organisations; calls: the manager moves partners to colleagues",Old members_guard; call 0908-1828,—,—,Partly answered,Include side owners in the leaver door; tell the head of sides with no reachable owner
OLD-WRK-103,Clients & Suppliers,(answers WRK-103),Head of department,Does credit history move on merge?,"Old merge re-pointed every child row, client profiles (with their terms and money columns) included, to the kept company",Old fn_merge_businesses,—,—,Answered — old app,Credit limits and their history move with the merge
OLD-WRK-106,Clients & Suppliers,(answers WRK-106),No access,Do a contact's sides hide it?,Old contacts had no sides,—,—,—,No answer in old app or calls,Owner decision
OLD-WRK-112,Clients & Suppliers,(answers WRK-112),Member,May an agreement be downgraded to normal?,"No: old restriction followed the file kind (table and storage policy), with no per-file override",Old phase3-r4 (D10),—,—,Answered — old app,Restricted kinds cannot be downgraded
OLD-WRK-123,Clients & Suppliers,(answers WRK-123),System,Do Ended / On hold sides go stale?,"Old 'going cold' applied only to active records, never won-closed or lost",Old js/14 Your day,—,—,Partly answered,Only Active and Prospect go stale
OLD-WRK-124,Clients & Suppliers,(answers WRK-124),System,Catch up a missed alert?,"Old flags were computed live on every visit, so a failed run could not lose one","Old js/14, js/112",—,—,Partly answered,Fire on the first run on or after the day; show failed kinds to admins
OLD-WRK-130,Clients & Suppliers,(answers WRK-130),Member,Notice when made owner by bulk assign,Old bulk assign only logged an activity per record,Old core-10 v30,—,—,No answer in old app or calls,"Send 'assigned' to the new owner, one per request"
OLD-WRK-140,Clients & Suppliers,(answers WRK-140),Test account,Test account's ownerships,"Old go-live reset wiped all companies, tasks and projects made in testing and kept logins",Old golive_reset.sql,—,—,Answered — old app,"The reset wipes them; if the test account is kept, reassign first"
OLD-WRK-155,Notifications,(answers WRK-155),Admin using View as,Does View as mark read?,See ACC-073: the old read-only view wrote nothing,Old share view (M28/M29),—,—,Answered — old app,Never marks read while viewing as
OLD-PRF-009,KPIs,(answers PRF-009),Switched-off / left person,KPI with no active Responsible,Calls: KPI figures are kept by the strategy liaison and discussed with the managers (0913-1809); no fallback named,Call D7,—,—,Partly answered,Fall back to the department head
OLD-PRF-010,KPIs,(answers PRF-010),Admin,Check-in day 31,Calls: check-ins on the 15th (and on Thursdays),Call D7,—,—,Partly answered,Limit the setting to 1–28
OLD-PRF-011,KPIs,(answers PRF-011),Member,What decides a reading's period?,"Old manual KPIs counted the entry's registered MONTH, not the day it was typed",Old kpi_actuals (phase3-r1),—,—,Answered — old app,period_start decides; happened_on dates the entry
OLD-PRF-022,KPIs,(answers PRF-022),Head of department,Department compare in v1?,Calls: the strategy team scores and compares departments from each department's KPI sheet (0825-1243); the old app had scopes but no compare,Call D1; 07d §2,—,—,Answered — calls,Out of v1: the KPI sheet export feeds the strategy team's comparison
OLD-PRF-030,Achievements,(answers PRF-030),Member,Which side does an MoU set?,Not in the old app; calls only say an MoU is never a new client (C4),Call C4,—,—,No answer in old app or calls,Owner decision
OLD-PRF-032,Achievements,(answers PRF-032),Manager,Second 'use as example' in a quarter,"Calls: 'as we agreed, we write one example every quarter' (0823-1409)",Call C3,—,—,Partly answered,"Refuse the second flag, naming the one already flagged"
OLD-PRF-034,Achievements,(answers PRF-034),Member,Actual loss above exposure,Not in the old app or the calls,—,—,—,No answer in old app or calls,Refuse
OLD-PRF-037,Achievements,(answers PRF-037),Member,Reference without a link,Calls: the ticket number is the evidence; the link only helps (0914-1329),Call A7,—,—,Answered — calls,The value counts; the link shows when the pattern exists
OLD-PRF-043,Achievements,(answers PRF-043),Member,Re-dating into an issued period,Old refused editing anything counted in an issued month ('record a correction instead'),Old phase3-r1 guards; proofs-month-lock.sql,—,—,Answered — old app,Anyone re-dating into an issued period gives a reason and gets the moved mark
OLD-PRF-045,Achievements,(answers PRF-045),Member,Same Past-work rows pasted twice,"Old imports keyed rows (import_key) so a repeat added nothing, and one file's duplicates landed once",Old js/111 import_key; js/65 in-file dedupe,—,—,Answered — old app,Preview warns duplicates; identical rows are not added twice
OLD-PRF-046,Achievements,(answers PRF-046),Test account,Test account's achievements in KPIs,Old: all test data wiped at the go-live reset (D9),Old golive_reset; D9,—,—,Partly answered,Excluded from every figure; wiped before go-live
OLD-PRF-049,Challenges,(answers PRF-049),Switched-off / left person,Escalate to a switched-off person,Old refused inactive people in every person field,Old tasks_guard family,—,—,Answered — old app,Refuse
OLD-PRF-062,Reports,(answers PRF-062),Member,Who loads a legacy PDF?,Old: report and KPI set-up needed admin or manager with Full on Reports,Old phase3-r3,—,—,Partly answered,Full on Reports
OLD-PRF-067,Reports,(answers PRF-067),Member,Banned word in report text,Not in the old app,—,—,—,No answer in old app or calls,Flag at issue
OLD-PRF-069,Reports,(answers PRF-069),Head of department,May an issued report be removed?,No: 'Issued reports cannot be deleted'; superseded reports are frozen; corrections supersede,Old phase3-r1 reports guard,—,—,Answered — old app,Issued reports can only be superseded
OLD-PRF-070,Reports,(answers PRF-070),Manager,Which cut-off for 'reports on time'?,Old: the team fills the register before the monthly report; issuing locked the month. No single cut-off day was written,07d §5; old periods.locked_at,—,—,No answer in old app or calls,Use report.due_day only
OLD-PRF-071,Reports,(answers PRF-071),No access,Money tiles in reports without Finance view,Old monthly report showed the revenue KPI to every report reader; reports are the department's shared document sent to management,Old core-10 rptHTML,—,—,Partly answered,Not masked in issued reports
OLD-PRF-086,Appraisal,(answers PRF-086),Viewer,Does a person always see their own appraisal?,Calls: each person self-registers 'my achievements in this cycle' before the manager review (F1),Call F1,—,—,Answered — calls,"Always their own, whatever the page level"
OLD-PRF-087,Appraisal,(answers PRF-087),Manager,Manager changes mid-cycle,Not in the old app or calls,—,—,—,No answer in old app or calls,Owner decision
OLD-PRF-088,Appraisal,(answers PRF-088),Switched-off / left person,Open appraisal of a leaver,Not in the old app or calls,—,—,—,No answer in old app or calls,Owner decision
OLD-PRF-091,Appraisal,(answers PRF-091),No access,Appraisal items vs the reader's Finance level,Old money views were security-definer so every reader saw the same figures; KPI finance figures were computed for the person regardless of who read them,Old e-money-rules money_row_rules,—,—,Partly answered,Computed regardless of the reader's Finance level
OLD-PRF-099,Finance,(answers PRF-099),Any,Pending expense after the DPIN,Old: one unready transaction held back the whole invoice's cost; calls: the tax invoice waits until Finance approves the expenses (0803-1750),Old M9 two-level join; call H1,—,—,Answered — old app and calls,Any pending expense keeps the unit Provisional
OLD-PRF-105,Finance,(answers PRF-105),Manager,Who may Exclude from the queue?,"Old: exclusion rules were written by an admin or a manager with Full on Finance, with a required reason",Old e-money-rules (write policy),—,—,Answered — old app,Admin or a manager with Full on Finance; reason required
OLD-PRF-111,Finance,(answers PRF-111),Admin,VAT inside the margin,Old never stored VAT; the decision is the owner's at go-live,D21; V51,—,—,No answer in old app or calls,Owner at go-live
OLD-PRF-118,Finance,(answers PRF-118),Head of department,Who may approve a credit limit?,"Calls: the manager approves credit and terms; an executive approves promissory notes and refused credit (0818-1702, 0908-1828)","Calls I1, I6, I11",—,—,Answered — calls,An active person other than the caller; the admin account allowed
OLD-PRF-124,Finance,(answers PRF-124),Member,Paid date in the future,Old accepted it and aged it in its own 'dated in the future' bucket,Old js/16 ageing,—,—,Partly answered,Refuse on typed entry; imports hold such rows
OLD-PRF-135,Exports,(answers PRF-135),Head of department,Status column in the KPI sheet,Not in the old app,—,—,—,No answer in old app or calls,Owner decision